City_ID,City,Country,Date,Lat,Lng,Max Temp,Humidity,Cloudiness,Wind Speed
0,Albany,US,2021-11-20 02:48:05,42.6001,-73.9662,35.74,75,0,3.0
1,Esperance,AU,2021-11-20 02:48:07,-33.8667,121.9,66.04,49,4,11.23
2,Olafsvik,IS,2021-11-20 02:48:07,64.8945,-23.7142,34.61,71,73,17.02
3,Fortuna,US,2021-11-20 02:48:07,40.5982,-124.1573,53.42,73,90,4.61
4,Floro,NO,2021-11-20 02:48:08,61.5996,5.0328,45.97,87,90,13.8
5,Cam Ranh,VN,2021-11-20 02:48:08,11.9214,109.1591,75.16,94,75,2.3
6,Nabire,ID,2021-11-20 02:48:08,-3.3667,135.4833,87.3,64,27,6.38
7,Rikitea,PF,2021-11-20 02:48:08,-23.1203,-134.9692,73.67,66,34,10.02
8,Vaini,TO,2021-11-20 02:48:09,-21.2,-175.2,84.36,79,20,9.22
9,Orlik,RU,2021-11-20 02:48:09,52.5178,99.825,5.7,79,100,4.36
10,Georgetown,MY,2021-11-20 02:43:26,5.4112,100.3354,85.95,82,20,1.01
11,Baykit,RU,2021-11-20 02:48:09,61.67,96.37,-6.16,100,100,0.96
12,Butaritari,KI,2021-11-20 02:48:09,3.0707,172.7902,82.27,72,100,17.38
13,Esil,KZ,2021-11-20 02:48:10,51.9556,66.4042,10.72,92,83,11.74
14,Barrow,US,2021-11-20 02:48:10,71.2906,-156.7887,10.42,79,75,8.05
15,Aracati,BR,2021-11-20 02:48:10,-4.5617,-37.7697,80.4,69,87,14.56
16,Jamestown,US,2021-11-20 02:43:46,42.097,-79.2353,37.51,93,90,8.05
17,Sur,OM,2021-11-20 02:48:10,22.5667,59.5289,74.25,53,0,5.14
18,Marsaxlokk,MT,2021-11-20 02:48:11,35.8419,14.5431,56.01,94,20,4.61
19,Guane,CU,2021-11-20 02:48:11,22.2025,-84.0875,72.77,92,99,6.44
20,Mataura,NZ,2021-11-20 02:48:11,-46.1927,168.8643,61.99,67,99,3.89
21,Manyana,BW,2021-11-20 02:48:11,-23.4,21.7167,68.74,17,82,7.74
22,Hobart,AU,2021-11-20 02:45:35,-42.8794,147.3294,63.01,74,75,1.01
23,Punta Arenas,CL,2021-11-20 02:45:34,-53.15,-70.9167,44.71,76,40,39.12
24,Tasiilaq,GL,2021-11-20 02:48:12,65.6145,-37.6368,24.96,75,100,4.81
25,Faya,SA,2021-11-20 02:48:12,18.3851,42.4509,54.12,86,0,6.08
26,Hamilton,US,2021-11-20 02:48:12,39.1834,-84.5333,34.79,78,1,0.0
27,Tuktoyaktuk,CA,2021-11-20 02:48:12,69.4541,-133.0374,-4.0,84,20,4.61
28,North Bend,US,2021-11-20 02:48:13,43.4065,-124.2243,48.94,94,1,4.61
29,Isangel,VU,2021-11-20 02:48:13,-19.55,169.2667,82.51,78,90,0.0
30,Kuyanovo,RU,2021-11-20 02:48:13,55.8014,54.5372,29.55,96,100,17.02
31,Fairbanks,US,2021-11-20 02:43:39,64.8378,-147.7164,-15.39,73,1,0.0
32,Ushuaia,AR,2021-11-20 02:48:13,-54.8,-68.3,40.66,65,40,28.77
33,Sindor,RU,2021-11-20 02:48:14,62.8629,51.8905,28.65,95,100,9.35
34,Ancud,CL,2021-11-20 02:48:14,-41.8697,-73.8203,51.33,93,5,1.9
35,Port Lincoln,AU,2021-11-20 02:48:14,-34.7333,135.8667,61.0,56,30,13.87
36,Aklavik,CA,2021-11-20 02:48:14,68.2191,-135.0107,4.03,81,100,14.88
37,Cidreira,BR,2021-11-20 02:48:15,-30.1811,-50.2056,62.53,71,0,6.6
38,Atuona,PF,2021-11-20 02:48:15,-9.8,-139.0333,78.1,78,3,13.51
39,Bredasdorp,ZA,2021-11-20 02:48:15,-34.5322,20.0403,57.27,77,91,11.23
40,Busselton,AU,2021-11-20 02:48:15,-33.65,115.3333,72.09,44,9,7.14
41,San Policarpo,PH,2021-11-20 02:48:16,12.1791,125.5072,83.7,75,97,6.98
42,Saint George,US,2021-11-20 02:44:20,37.1041,-113.5841,59.34,38,1,1.01
43,Villa Maria,AR,2021-11-20 02:48:16,-32.4075,-63.2402,68.79,41,0,5.84
44,Port Alfred,ZA,2021-11-20 02:48:16,-33.5906,26.891,60.4,78,60,2.84
45,Bluff,NZ,2021-11-20 02:48:16,-46.6,168.3333,51.87,83,99,1.88
46,Princeton,US,2021-11-20 02:48:17,25.5384,-80.4089,75.02,94,90,10.36
47,Plettenberg Bay,ZA,2021-11-20 02:49:17,-34.0527,23.3716,55.67,77,0,3.13
48,Krotoszyn,PL,2021-11-20 02:49:17,51.6987,17.4374,52.56,82,76,21.45
49,Castro,BR,2021-11-20 02:49:17,-24.7911,-50.0119,58.95,91,93,9.75
50,Cape Town,ZA,2021-11-20 02:46:03,-33.9258,18.4232,62.11,68,0,21.85
51,Bethel,US,2021-11-20 02:49:18,41.3712,-73.414,41.36,63,1,1.01
52,Faanui,PF,2021-11-20 02:49:18,-16.4833,-151.75,80.31,79,17,17.67
53,Avarua,CK,2021-11-20 02:49:18,-21.2078,-159.775,80.65,69,40,16.11
54,Aswan,EG,2021-11-20 02:49:19,24.0934,32.907,60.1,63,0,14.97
55,Kapaa,US,2021-11-20 02:49:19,22.0752,-159.319,82.72,72,40,1.01
56,Caravelas,BR,2021-11-20 02:49:19,-17.7125,-39.2481,76.5,88,78,10.4
57,Narsaq,GL,2021-11-20 02:49:19,60.9167,-46.05,28.62,85,100,13.33
58,Mar Del Plata,AR,2021-11-20 02:49:19,-38.0023,-57.5575,58.08,92,0,5.01
59,Khatanga,RU,2021-11-20 02:49:20,71.9667,102.5,-19.79,97,100,4.65
60,Kargopol,RU,2021-11-20 02:49:20,61.5071,38.9456,28.8,96,63,4.88
61,Vila Velha,BR,2021-11-20 02:45:57,-20.3297,-40.2925,75.94,93,75,4.0
62,College,US,2021-11-20 02:49:20,64.8569,-147.8028,-15.14,73,20,0.0
63,Luderitz,NA,2021-11-20 02:49:20,-26.6481,15.1594,57.09,81,5,15.55
64,Klaksvik,FO,2021-11-20 02:49:21,62.2266,-6.589,43.72,75,100,10.38
65,Talnakh,RU,2021-11-20 02:49:21,69.4865,88.3972,-13.36,95,69,7.56
66,Petropavlovsk-Kamchatskiy,RU,2021-11-20 02:49:21,53.0452,158.6483,25.39,80,75,4.47
67,Sukhumi,GE,2021-11-20 02:49:22,43.0033,41.0153,49.42,87,100,4.99
68,Nicoya,CR,2021-11-20 02:49:22,10.1483,-85.452,74.75,92,45,2.28
69,Suntar,RU,2021-11-20 02:49:22,62.1444,117.6319,-0.35,92,100,2.51
70,The Valley,AI,2021-11-20 02:49:22,18.217,-63.0578,81.1,73,11,16.93
71,Kenai,US,2021-11-20 02:49:23,60.5544,-151.2583,0.03,85,1,3.44
72,Raudeberg,NO,2021-11-20 02:49:23,61.9875,5.1352,44.87,90,100,11.01
73,Manokwari,ID,2021-11-20 02:49:23,-0.8667,134.0833,84.33,69,20,6.26
74,Rocha,UY,2021-11-20 02:49:23,-34.4833,-54.3333,57.56,74,0,3.02
75,Atar,MR,2021-11-20 02:49:24,20.5169,-13.0499,76.62,32,99,4.25
76,Davidson,US,2021-11-20 02:49:24,36.1501,-86.7833,41.43,64,1,0.0
77,Qaanaaq,GL,2021-11-20 02:49:24,77.484,-69.3632,-3.82,71,80,8.14
78,Pisco,PE,2021-11-20 02:49:24,-13.7,-76.2167,65.01,88,0,9.22
79,Itoman,JP,2021-11-20 02:49:25,26.1247,127.6694,77.77,72,40,12.66
80,Bambous Virieux,MU,2021-11-20 02:49:25,-20.3428,57.7575,78.22,78,75,12.66
81,Saint-Augustin,CA,2021-11-20 02:49:25,51.226,-58.6502,35.83,86,83,9.26
82,Upernavik,GL,2021-11-20 02:49:25,72.7868,-56.1549,6.82,64,47,8.32
83,Havoysund,NO,2021-11-20 02:49:26,70.9963,24.6622,36.48,95,100,28.45
84,Katsuura,JP,2021-11-20 02:49:26,35.1333,140.3,67.19,69,40,18.28
85,Stribro,CZ,2021-11-20 02:49:26,49.7529,13.0041,46.85,82,98,6.53
86,Yellowknife,CA,2021-11-20 02:49:26,62.456,-114.3525,-1.68,78,75,9.22
87,Hithadhoo,MV,2021-11-20 02:49:27,-0.6,73.0833,82.22,77,94,21.85
88,Broome,US,2021-11-20 02:49:27,42.2506,-75.833,34.38,76,75,3.0
89,Grand Gaube,MU,2021-11-20 02:49:27,-20.0064,57.6608,78.39,67,0,5.01
90,Chokurdakh,RU,2021-11-20 02:49:27,70.6333,147.9167,-16.19,100,100,3.36
91,Ismailia,EG,2021-11-20 02:49:28,30.6043,32.2723,58.87,82,96,9.04
92,Janakpur,NP,2021-11-20 02:49:28,26.7183,85.9065,71.85,61,30,4.12
93,Adre,TD,2021-11-20 02:49:28,13.4667,22.2,70.9,25,0,15.19
94,Marsa Matruh,EG,2021-11-20 02:50:28,31.3525,27.2453,61.0,94,75,17.27
95,Huarmey,PE,2021-11-20 02:50:29,-10.0681,-78.1522,64.62,88,100,7.23
96,Zhangjiakou,CN,2021-11-20 02:50:29,40.81,114.8794,36.97,52,100,3.38
97,Kolondieba,ML,2021-11-20 02:50:29,11.0882,-6.8926,73.85,32,59,3.56
98,Gamba,GA,2021-11-20 02:50:29,-2.65,10.0,72.64,90,100,2.39
99,Coquimbo,CL,2021-11-20 02:50:30,-29.9533,-71.3436,58.73,82,90,5.75
100,Ugoofaaru,MV,2021-11-20 02:50:30,5.6667,73.0,81.93,69,92,19.55
101,Souillac,MU,2021-11-20 02:50:30,-20.5167,57.5167,78.37,78,75,12.66
102,Polunochnoye,RU,2021-11-20 02:50:30,60.8697,60.4153,17.67,93,96,5.73
103,Hasaki,JP,2021-11-20 02:50:31,35.7333,140.8333,64.69,64,59,18.59
104,Bonthe,SL,2021-11-20 02:50:31,7.5264,-12.505,79.3,85,15,3.71
105,Kavieng,PG,2021-11-20 02:50:31,-2.5744,150.7967,83.91,69,90,5.99
106,Thompson,CA,2021-11-20 02:50:31,55.7435,-97.8558,21.36,86,90,6.91
107,Haines Junction,CA,2021-11-20 02:50:32,60.7522,-137.5108,-18.45,69,11,2.3
108,Fethiye,TR,2021-11-20 02:50:32,36.6217,29.1164,58.87,63,2,7.9
109,Ulaanbaatar,MN,2021-11-20 02:48:35,47.9077,106.8832,5.13,78,75,2.24
110,Hambantota,LK,2021-11-20 02:50:32,6.1241,81.1185,80.94,89,0,4.61
111,Iracoubo,GF,2021-11-20 02:50:33,5.4802,-53.2011,77.63,90,88,6.31
112,Opuwo,NA,2021-11-20 02:50:33,-18.0607,13.84,68.4,24,26,4.72
113,Sarangani,PH,2021-11-20 02:50:33,5.4033,125.4636,84.18,69,81,4.05
114,Chuy,UY,2021-11-20 02:50:33,-33.6971,-53.4616,59.54,77,0,8.63
115,Dukat,RU,2021-11-20 02:50:33,62.55,155.55,8.49,99,100,3.44
116,Kangasala,FI,2021-11-20 02:50:34,61.4638,24.076,34.34,92,75,13.78
117,Port Elizabeth,ZA,2021-11-20 02:50:34,-33.918,25.5701,53.89,87,0,4.61
118,Channel-Port Aux Basques,CA,2021-11-20 02:50:34,47.5702,-59.1367,43.47,73,100,14.41
119,Alihe,CN,2021-11-20 02:50:34,50.5667,123.7167,20.8,59,100,1.36
120,Iqaluit,CA,2021-11-20 02:50:35,63.7506,-68.5145,26.33,73,90,11.99
121,Gat,IL,2021-11-20 02:49:02,31.61,34.7642,62.4,65,68,10.16
122,Abeche,TD,2021-11-20 02:50:35,13.8292,20.8324,76.39,21,2,16.53
123,Ribeira Grande,PT,2021-11-20 02:50:35,38.5167,-28.7,66.07,75,99,21.27
124,Port Hardy,CA,2021-11-20 02:50:05,50.6996,-127.4199,44.6,87,75,6.91
125,Jalu,LY,2021-11-20 02:50:36,29.0331,21.5482,62.98,75,93,8.75
126,Quatre Cocos,MU,2021-11-20 02:50:36,-20.2078,57.7625,78.1,66,4,11.05
127,Kurilsk,RU,2021-11-20 02:50:36,45.2333,147.8833,37.98,75,99,32.1
128,Fukue,JP,2021-11-20 02:50:36,32.6881,128.8419,66.56,55,0,10.36
129,Talas,TR,2021-11-20 02:50:36,38.6908,35.5538,36.27,93,75,0.0
130,Ampanihy,MG,2021-11-20 02:50:37,-24.7,44.75,72.54,80,100,6.17
131,Alcains,PT,2021-11-20 02:50:37,39.9164,-7.4566,54.36,71,99,10.11
132,Saint-Philippe,RE,2021-11-20 02:50:37,-21.3585,55.7679,75.22,70,34,12.75
133,Porto Novo,BJ,2021-11-20 02:50:38,6.4965,2.6036,80.42,90,6,4.59
134,Conakry,GN,2021-11-20 02:50:38,9.538,-13.6773,82.47,89,20,2.3
135,Pevek,RU,2021-11-20 02:50:38,69.7008,170.3133,-6.48,87,77,3.65
136,Hermanus,ZA,2021-11-20 02:50:38,-34.4187,19.2345,57.79,86,36,12.93
137,Norman Wells,CA,2021-11-20 02:50:39,65.282,-126.8329,1.44,85,75,4.61
138,Kiunga,PG,2021-11-20 02:50:39,-6.1219,141.2906,91.31,56,100,1.81
139,Stephenville Crossing,CA,2021-11-20 02:50:39,48.5,-58.4318,41.13,87,90,12.66
140,Tiksi,RU,2021-11-20 02:50:39,71.6872,128.8694,-12.71,97,98,6.22
141,Cascais,PT,2021-11-20 02:50:39,38.6979,-9.4215,60.51,65,46,8.01
142,Gigmoto,PH,2021-11-20 02:50:40,13.7796,124.39,83.03,81,61,4.92
143,Mackay,AU,2021-11-20 02:51:40,-21.15,149.2,89.69,48,0,10.36
144,Hilo,US,2021-11-20 02:51:40,19.7297,-155.09,78.53,78,90,8.05
145,Brylivka,UA,2021-11-20 02:51:41,46.4248,33.1472,43.52,88,97,9.95
146,Saldanha,ZA,2021-11-20 02:51:41,-33.0117,17.9442,53.65,85,18,14.5
147,Fare,PF,2021-11-20 02:51:41,-16.7,-151.0167,80.01,79,14,18.77
148,Russell,US,2021-11-20 02:51:41,32.3502,-85.1999,49.23,75,1,0.0
149,Ola,RU,2021-11-20 02:51:42,59.5833,151.2833,23.14,77,80,9.71
150,Sohbatpur,PK,2021-11-20 02:51:42,28.5202,68.5434,68.76,18,0,2.53
151,Tual,ID,2021-11-20 02:51:42,-5.6667,132.75,84.83,72,81,7.85
152,Igrim,RU,2021-11-20 02:51:42,63.1906,64.4162,20.08,96,100,7.67
153,Nikitinskiy,RU,2021-11-20 02:51:43,54.5845,86.0115,9.79,88,100,17.34
154,Belyy Yar,RU,2021-11-20 02:51:43,53.6039,91.3903,8.85,50,0,15.66
155,Nagamangala,IN,2021-11-20 02:51:43,12.8156,76.7575,73.09,89,44,7.45
156,San Roque,ES,2021-11-20 02:51:43,36.2107,-5.3842,61.61,90,100,10.51
157,Piacabucu,BR,2021-11-20 02:51:03,-10.4056,-36.4344,77.5,80,10,10.38
158,Ostrovnoy,RU,2021-11-20 02:51:44,68.0531,39.5131,29.32,94,100,6.67
159,Tawau,MY,2021-11-20 02:51:44,4.2498,117.8871,87.93,79,59,1.99
160,Road Town,VG,2021-11-20 02:51:44,18.4167,-64.6167,79.0,67,12,15.61
161,Vagur,FO,2021-11-20 02:51:44,61.4732,-6.8119,46.27,81,100,14.25
162,New Norfolk,AU,2021-11-20 02:51:45,-42.7826,147.0587,61.66,59,84,1.99
163,Nan,TH,2021-11-20 02:51:45,18.8333,100.6667,71.62,94,40,0.0
164,Airai,TL,2021-11-20 02:51:45,-8.9266,125.4092,75.97,62,96,1.66
165,Sao Felix Do Xingu,BR,2021-11-20 02:51:45,-6.6447,-51.995,72.0,98,100,1.23
166,Bay Point,US,2021-11-20 02:51:46,38.0291,-121.9616,59.09,93,90,3.0
167,Victoria,HK,2021-11-20 02:50:04,22.2855,114.1577,79.97,76,39,1.99
168,Cairns,AU,2021-11-20 02:51:46,-16.9167,145.7667,91.06,49,3,14.97
169,Mahebourg,MU,2021-11-20 02:51:46,-20.4081,57.7,78.26,78,75,12.66
170,Karratha,AU,2021-11-20 02:51:46,-20.7377,116.8463,91.67,26,24,10.07
171,Novikovo,RU,2021-11-20 02:51:47,51.1537,37.8879,35.17,94,100,18.57
172,Gordeyevka,RU,2021-11-20 02:51:47,52.9569,31.9703,46.99,83,100,23.35
173,Boa Vista,BR,2021-11-20 02:51:47,2.8197,-60.6733,84.18,61,0,8.05
174,Nanortalik,GL,2021-11-20 02:51:47,60.1432,-45.2371,32.81,96,100,22.3
175,Nikolskoye,RU,2021-11-20 02:51:48,59.7035,30.7861,35.49,97,100,8.28
176,Kaliganj,BD,2021-11-20 02:51:48,23.4095,89.1402,76.15,54,13,1.63
177,Lagoa,PT,2021-11-20 02:51:48,39.05,-27.9833,64.62,76,75,23.33
178,Awbari,LY,2021-11-20 02:51:48,26.5921,12.7805,69.03,31,100,5.61
179,Roald,NO,2021-11-20 02:51:49,62.5833,6.1333,45.34,93,100,24.81
180,Ponta Do Sol,PT,2021-11-20 02:51:49,32.6667,-17.1,63.72,66,4,4.92
181,Yeniseysk,RU,2021-11-20 02:51:49,58.4497,92.1703,4.15,93,100,5.66
182,Kaseda,JP,2021-11-20 02:51:49,31.4167,130.3167,67.23,48,0,0.31
183,Lata,PT,2021-11-20 02:51:50,40.1629,-8.3327,58.93,78,83,6.35
184,Kargasok,RU,2021-11-20 02:51:50,59.0556,80.8572,-0.8,97,97,6.78
185,Sines,PT,2021-11-20 02:51:50,37.9562,-8.8698,57.29,87,96,1.01
186,Porto Belo,BR,2021-11-20 02:52:50,-27.1578,-48.5531,69.75,79,97,10.78
187,Muscat,OM,2021-11-20 02:48:23,23.6139,58.5922,69.82,58,0,2.71
188,Dikson,RU,2021-11-20 02:52:51,73.5069,80.5464,-5.64,95,99,4.21
189,Makakilo City,US,2021-11-20 02:52:51,21.3469,-158.0858,82.72,61,90,4.61
190,Vanse,NO,2021-11-20 02:52:51,58.1167,6.7,47.66,47,100,8.46
191,Kahului,US,2021-11-20 02:52:51,20.8947,-156.47,84.22,70,1,17.27
192,Ilulissat,GL,2021-11-20 02:52:52,69.2167,-51.1,4.21,74,100,7.38
193,Miguel Hidalgo,MX,2021-11-20 02:52:52,19.4225,-99.2028,55.58,73,80,1.99
194,Marawi,PH,2021-11-20 02:52:52,7.9986,124.2928,76.64,69,73,2.35
195,Ponta Delgada,PT,2021-11-20 02:52:52,37.7333,-25.6667,64.51,67,20,6.91
196,Rundu,NA,2021-11-20 02:52:53,-17.9333,19.7667,71.89,66,98,0.78
197,Tura,IN,2021-11-20 02:52:53,25.5198,90.2201,71.28,64,16,1.86
198,Bud,US,2021-11-20 02:52:53,39.447,-86.1758,34.34,78,100,7.36
199,Coolum Beach,AU,2021-11-20 02:52:53,-26.5333,153.1,89.33,72,20,13.0
200,Yumen,CN,2021-11-20 02:52:54,40.2833,97.2,27.41,62,99,23.29
201,Chapais,CA,2021-11-20 02:52:54,49.7834,-74.8492,20.98,87,100,9.89
202,Saskylakh,RU,2021-11-20 02:52:54,71.9167,114.0833,-20.9,97,36,7.31
203,Brae,GB,2021-11-20 02:52:54,60.3964,-1.353,48.11,79,100,16.46
204,Maceio,BR,2021-11-20 02:49:54,-9.6658,-35.7353,76.44,88,20,3.44
205,Puerto Ayora,EC,2021-11-20 02:52:55,-0.7393,-90.3518,68.56,91,47,7.0
206,Shimoda,JP,2021-11-20 02:52:55,34.6667,138.95,64.76,65,80,12.35
207,Alice Springs,AU,2021-11-20 02:52:55,-23.7,133.8833,98.15,12,0,19.57
208,Changying,CN,2021-11-20 02:52:55,52.8733,123.3213,14.56,69,100,1.57
209,Santa Cruz,BO,2021-11-20 02:52:56,-17.8,-63.1667,72.86,83,75,3.44
210,Provideniya,RU,2021-11-20 02:52:56,64.3833,-173.3,11.05,72,1,8.25
211,Kanniyakumari,IN,2021-11-20 02:52:56,8.0833,77.5667,81.23,78,61,18.9
212,Leshukonskoye,RU,2021-11-20 02:52:56,64.8989,45.7622,29.23,89,100,9.91
213,General Roca,AR,2021-11-20 02:52:57,-39.0333,-67.5833,79.2,27,6,13.04
214,Giaginskaya,RU,2021-11-20 02:52:57,44.8621,40.0719,41.86,88,100,5.06
215,Nome,US,2021-11-20 02:52:57,64.5011,-165.4064,6.87,48,1,5.75
216,Paamiut,GL,2021-11-20 02:52:57,61.994,-49.6678,34.18,77,100,38.34
217,Labuhan,ID,2021-11-20 02:52:58,-6.8844,112.2051,77.2,89,100,2.66
218,Bintulu,MY,2021-11-20 02:52:58,3.1667,113.0333,86.41,74,20,5.01
219,Necochea,AR,2021-11-20 02:52:58,-38.5473,-58.7368,49.03,87,0,9.15
220,Mount Isa,AU,2021-11-20 02:52:58,-20.7333,139.5,96.57,20,2,10.36
221,Sola,VU,2021-11-20 02:52:59,-13.8833,167.55,78.35,77,98,3.65
222,Codrington,AU,2021-11-20 02:52:59,-38.2667,141.9667,59.02,49,10,9.55
223,Wilmington,US,2021-11-20 02:52:18,34.2257,-77.9447,47.86,56,1,5.75
224,Cherskiy,RU,2021-11-20 02:52:59,68.75,161.3,-15.48,96,5,4.38
225,Abapo,BO,2021-11-20 02:52:59,-18.8333,-63.4667,65.28,84,98,1.97
226,Dwarka,IN,2021-11-20 02:49:42,22.2394,68.9678,78.39,70,100,12.66
227,Richards Bay,ZA,2021-11-20 02:53:00,-28.783,32.0377,61.14,91,100,4.76
228,Northam,GB,2021-11-20 02:53:00,51.0333,-4.2167,52.02,93,100,3.38
229,Namatanai,PG,2021-11-20 02:53:00,-3.6667,152.4333,84.06,69,97,5.21
230,Ozernovskiy,RU,2021-11-20 02:53:00,51.5,156.5167,37.02,90,100,42.23
231,Feijo,BR,2021-11-20 02:53:01,-8.1642,-70.3536,72.09,99,94,2.51
232,Praia,CV,2021-11-20 02:53:01,14.9215,-23.5087,77.54,88,0,5.75
233,Cockburn Town,TC,2021-11-20 02:54:01,21.4612,-71.1419,80.65,78,40,17.58
234,Marondera,ZW,2021-11-20 02:54:01,-18.1853,31.5519,60.49,83,99,5.21
235,Fowa,NG,2021-11-20 02:54:02,8.9167,6.4,74.97,49,8,0.81
236,Beloha,MG,2021-11-20 02:54:02,-25.1667,45.05,73.76,83,96,5.01
237,Menongue,AO,2021-11-20 02:54:02,-14.6585,17.691,64.33,84,85,3.38
238,Synya,RU,2021-11-20 02:54:02,65.3718,58.0387,21.56,89,100,13.33
239,Mahanoro,MG,2021-11-20 02:54:03,-19.9,48.8,75.04,81,1,6.02
240,Petatlan,MX,2021-11-20 02:54:03,17.5167,-101.2667,74.86,87,0,3.49
241,Hays,US,2021-11-20 02:53:32,30.0502,-98.0336,56.28,64,3,6.17
242,Lobito,AO,2021-11-20 02:54:03,-12.3481,13.5456,76.86,86,100,3.8
243,Kut Chap,TH,2021-11-20 02:54:04,17.4257,102.5669,89.76,62,20,0.85
244,Mount Gambier,AU,2021-11-20 02:54:04,-37.8333,140.7667,60.71,48,90,11.5
245,Lebu,CL,2021-11-20 02:54:04,-37.6167,-73.65,53.02,93,29,16.91
246,Beya,RU,2021-11-20 02:54:04,53.0533,90.9139,5.54,64,49,7.34
247,Vila Franca Do Campo,PT,2021-11-20 02:54:05,37.7167,-25.4333,64.2,67,93,7.99
248,East London,ZA,2021-11-20 02:54:05,-33.0153,27.9116,58.98,84,8,4.56
249,Akhmeta,GE,2021-11-20 02:54:05,42.0311,45.2075,39.72,79,7,5.37
250,Kieta,PG,2021-11-20 02:54:05,-6.2167,155.6333,84.58,59,100,7.94
251,Severo-Kurilsk,RU,2021-11-20 02:54:06,50.6789,156.125,36.03,98,100,39.06
252,Svetlyy,RU,2021-11-20 02:54:06,54.675,20.1347,50.05,74,100,24.61
253,Rancho Palos Verdes,US,2021-11-20 02:53:18,33.7445,-118.387,62.01,91,100,1.99
254,Hofn,IS,2021-11-20 02:54:06,64.2539,-15.2082,35.64,77,8,10.74
255,Lavrentiya,RU,2021-11-20 02:54:06,65.5833,-171.0,4.5,70,18,6.33
256,Arraial Do Cabo,BR,2021-11-20 02:54:07,-22.9661,-42.0278,73.13,92,100,14.85
257,Saint-Georges,GD,2021-11-20 02:51:08,12.0564,-61.7485,80.28,83,20,8.05
258,Dingle,PH,2021-11-20 02:54:07,10.9995,122.6711,86.23,70,77,4.05
259,Kano,NG,2021-11-20 02:54:07,12.0001,8.5167,69.69,43,0,3.44
260,Cardston,CA,2021-11-20 02:54:07,49.2,-113.3019,37.69,55,4,10.36
261,Atambua,ID,2021-11-20 02:54:08,-9.1061,124.8925,86.16,61,98,3.85
262,Borshchiv,UA,2021-11-20 02:54:08,48.8033,26.0435,51.15,78,100,24.72
263,Porto Walter,BR,2021-11-20 02:54:08,-8.2686,-72.7439,72.61,99,100,0.56
264,Praia Da Vitoria,PT,2021-11-20 02:54:08,38.7333,-27.0667,65.75,88,75,18.01
265,Aden,YE,2021-11-20 02:54:09,12.7794,45.0367,79.83,59,4,8.05
266,Policoro,IT,2021-11-20 02:54:09,40.2115,16.6726,59.02,75,1,5.99
267,Alofi,NU,2021-11-20 02:54:09,-19.0595,-169.9187,84.09,74,12,11.5
268,Nouakchott,MR,2021-11-20 02:54:09,18.0858,-15.9785,78.73,59,88,11.72
269,Vila,PT,2021-11-20 02:54:10,42.0304,-8.1588,46.33,77,74,4.74
270,Yerbogachen,RU,2021-11-20 02:54:10,61.2767,108.0108,-2.63,97,59,3.4
271,Laureles,US,2021-11-20 02:54:10,26.1092,-97.4941,63.1,91,40,1.01
272,Natal,BR,2021-11-20 02:54:04,-5.795,-35.2094,80.82,78,40,10.36
273,Geraldton,AU,2021-11-20 02:54:10,-28.7667,114.6,88.21,22,0,8.05
274,Cayenne,GF,2021-11-20 02:54:11,4.9333,-52.3333,81.09,85,0,4.0
275,Eaglesfield,GB,2021-11-20 02:54:11,54.6406,-3.4044,51.4,94,92,15.88
276,Mitu,CO,2021-11-20 02:54:11,1.1983,-70.1733,72.48,97,100,2.21
277,Erenhot,CN,2021-11-20 02:54:11,43.6475,111.9767,27.23,64,100,7.47
278,San Ignacio,BZ,2021-11-20 02:50:15,17.1561,-89.0714,75.34,94,75,6.91
279,Port-Gentil,GA,2021-11-20 02:55:12,-0.7193,8.7815,78.78,81,100,4.38
280,Nikki,BJ,2021-11-20 02:55:12,9.9401,3.2108,73.36,34,3,1.54
281,Prince Rupert,CA,2021-11-20 02:55:12,54.3161,-130.3201,44.69,87,90,12.66
282,Torbay,CA,2021-11-20 02:55:12,47.6666,-52.7314,55.27,96,90,28.77
283,Nadym,RU,2021-11-20 02:55:13,65.5333,72.5167,-2.04,89,100,22.1
284,Bubaque,GW,2021-11-20 02:55:13,11.2833,-15.8333,83.97,69,58,11.92
285,Fort Saint James,CA,2021-11-20 02:55:13,54.4333,-124.25,25.5,90,72,5.48
286,Kansanshi,ZM,2021-11-20 02:55:13,-12.0951,26.4273,61.3,93,59,2.66
287,Hay River,CA,2021-11-20 02:55:14,60.8156,-115.7999,10.38,85,90,12.66
288,Wicklow,IE,2021-11-20 02:55:14,53.0,-6.4167,45.1,93,49,3.71
289,Okhotsk,RU,2021-11-20 02:55:14,59.3833,143.3,13.86,80,17,14.74
290,Husavik,IS,2021-11-20 02:55:14,66.0449,-17.3389,31.91,84,100,8.99
291,Launceston,AU,2021-11-20 02:55:15,-41.45,147.1667,69.15,42,11,3.0
292,Aksu,CN,2021-11-20 02:55:15,41.1231,80.2644,31.93,43,0,4.07
293,Leningradskiy,RU,2021-11-20 02:55:15,69.3833,178.4167,-3.53,83,94,4.81
294,Bay Roberts,CA,2021-11-20 02:55:15,47.5999,-53.2648,56.05,86,100,7.0
295,Sungaipenuh,ID,2021-11-20 02:55:16,-2.0833,101.3833,79.02,48,100,3.87
296,Koungou,YT,2021-11-20 02:55:16,-12.7336,45.2042,78.51,78,0,3.44
297,Rawalpindi,PK,2021-11-20 02:55:16,33.6007,73.0679,60.51,31,0,3.13
298,Goksun,TR,2021-11-20 02:55:16,38.021,36.4973,40.68,93,100,5.26
299,Pabna,BD,2021-11-20 02:55:16,24.0,89.25,75.88,56,30,2.82
300,Umm Kaddadah,SD,2021-11-20 02:55:17,13.6017,26.6876,71.55,23,0,19.1
301,Kampene,CD,2021-11-20 02:55:17,-3.6,26.6667,66.58,99,69,1.66
302,Awjilah,LY,2021-11-20 02:55:17,29.1081,21.2869,63.07,76,89,8.9
303,Amga,RU,2021-11-20 02:55:17,60.8953,131.9608,-12.35,93,93,0.98
304,Tecoanapa,MX,2021-11-20 02:55:18,16.5167,-98.75,78.55,81,7,3.76
305,Ostersund,SE,2021-11-20 02:55:18,63.1792,14.6357,34.61,93,75,24.16
306,Turayf,SA,2021-11-20 02:55:18,31.6725,38.6637,53.85,100,75,8.05
307,Stange,NO,2021-11-20 02:55:18,60.718,11.1942,38.62,72,73,2.53
308,Ryzdvyanyy,RU,2021-11-20 02:55:18,45.2656,41.8389,36.3,92,100,7.54
309,Wanning,CN,2021-11-20 02:55:19,18.8003,110.3967,79.52,73,96,8.72
310,Hashtrud,IR,2021-11-20 02:55:19,37.4779,47.0508,34.29,57,41,1.7
311,San Cristobal,VE,2021-11-20 02:55:19,7.7669,-72.225,69.98,84,58,1.68
312,Tabou,CI,2021-11-20 02:55:19,4.423,-7.3528,79.27,87,22,5.64
313,Altamira,BR,2021-11-20 02:55:20,-3.2033,-52.2064,75.0,90,84,0.94
314,Lorengau,PG,2021-11-20 02:55:20,-2.0226,147.2712,86.18,60,10,4.59
315,Xuddur,SO,2021-11-20 02:55:20,4.1213,43.8894,68.81,97,21,10.36
316,Kununurra,AU,2021-11-20 02:55:20,-15.7667,128.7333,98.58,41,37,8.05
317,Kaitangata,NZ,2021-11-20 02:55:21,-46.2817,169.8464,58.6,78,100,5.39
318,Jiangyou,CN,2021-11-20 02:55:21,31.7667,104.7167,57.9,71,98,3.6
319,Bandarbeyla,SO,2021-11-20 02:55:21,9.4942,50.8122,75.38,77,64,6.69
320,Samarai,PG,2021-11-20 02:55:21,-10.6167,150.6667,81.72,80,38,12.66
321,Uyovu,TZ,2021-11-20 02:55:22,-3.2833,31.5258,61.47,84,92,0.45
322,Kawalu,ID,2021-11-20 02:55:22,-7.3817,108.2082,79.54,76,97,2.93
323,Shirakawa,JP,2021-11-20 02:55:22,37.1223,140.2376,57.96,52,3,6.46
324,Varhaug,NO,2021-11-20 02:55:22,58.6147,5.6457,46.89,88,100,6.89
325,Pochutla,MX,2021-11-20 02:55:23,15.7432,-96.4661,78.82,74,79,2.93
326,Beidao,CN,2021-11-20 02:56:23,34.5686,105.8933,43.92,78,100,6.04
327,Bambanglipuro,ID,2021-11-20 02:56:23,-7.95,110.2833,80.74,77,100,2.37
328,Presidencia Roque Saenz Pena,AR,2021-11-20 02:56:23,-26.7852,-60.4388,62.67,66,0,4.05
329,Gore,NZ,2021-11-20 02:56:24,-46.1028,168.9436,62.44,68,100,5.35
330,Horsham,GB,2021-11-20 02:56:24,51.064,-0.3272,52.02,75,75,4.61
331,Berlevag,NO,2021-11-20 02:56:24,70.8578,29.0864,35.11,93,100,24.18
332,Jamkhandi,IN,2021-11-20 02:56:24,16.5167,75.3,73.06,88,100,9.86
333,Mahina,PF,2021-11-20 02:56:25,-17.5065,-149.489,83.97,65,40,11.5
334,Korla,CN,2021-11-20 02:56:25,41.7597,86.1469,31.26,30,0,7.92
335,Uyuni,BO,2021-11-20 02:56:25,-20.4597,-66.825,45.88,10,89,4.97
336,Puerto Penasco,MX,2021-11-20 02:56:25,31.3167,-113.5333,67.91,72,100,1.63
337,Ambilobe,MG,2021-11-20 02:54:18,-13.2,49.05,74.35,80,10,2.75
338,Klyuchi,RU,2021-11-20 02:56:26,52.2667,79.1667,11.57,68,99,16.8
339,Ko Samui,TH,2021-11-20 02:56:00,9.5357,99.9357,85.91,79,20,0.0
340,Coahuayana,MX,2021-11-20 02:56:26,18.7333,-103.6833,73.47,73,8,3.78
341,Pangody,RU,2021-11-20 02:56:26,65.85,74.4859,-6.79,93,99,17.49
342,Pangnirtung,CA,2021-11-20 02:56:26,66.1451,-65.7125,19.26,73,100,8.79
343,Amapa,BR,2021-11-20 02:56:27,1.0,-52.0,73.27,93,55,2.51
344,Isla Mujeres,MX,2021-11-20 02:56:27,21.2311,-86.731,77.16,81,95,10.4
345,Nelson Bay,AU,2021-11-20 02:56:27,-32.7167,152.15,69.85,64,100,7.18
346,Sitka,US,2021-11-20 02:56:27,57.0531,-135.33,26.78,87,100,3.67
347,Qandala,SO,2021-11-20 02:56:28,11.472,49.8728,75.97,50,50,4.29
348,Laguna,US,2021-11-20 02:53:41,38.421,-121.4238,60.8,88,90,1.99
349,Honiara,SB,2021-11-20 02:56:28,-9.4333,159.95,85.82,68,99,4.88
350,Baglung,NP,2021-11-20 02:56:28,28.2719,83.5898,66.4,42,59,1.79
351,Cedar City,US,2021-11-20 02:56:28,37.6775,-113.0619,46.18,38,43,5.68
352,Las Tunas,CU,2021-11-20 02:56:29,20.9617,-76.9511,73.4,92,100,7.0
353,Clyde River,CA,2021-11-20 02:56:29,70.4692,-68.5914,10.63,92,100,20.71
354,Praya,CV,2021-11-20 02:56:29,14.9215,-23.5087,77.54,88,0,5.75
355,Gondar,ET,2021-11-20 02:56:29,12.6,37.4667,55.42,50,4,3.4
356,Muros,ES,2021-11-20 02:56:30,42.7762,-9.0603,57.24,64,75,6.44
357,Acapulco,MX,2021-11-20 02:52:35,16.8634,-99.8901,78.19,83,92,4.61
358,Kruisfontein,ZA,2021-11-20 02:56:30,-34.0033,24.7314,57.96,72,98,2.44
359,Myski,RU,2021-11-20 02:56:30,53.709,87.8014,10.53,91,100,9.17
360,Hede,CN,2021-11-20 02:56:30,33.7681,120.2517,64.85,46,67,10.85
361,Custoias,PT,2021-11-20 02:56:31,41.1053,-7.321,44.04,79,79,3.56
362,Ormara,PK,2021-11-20 02:56:31,25.2088,64.6357,70.86,30,0,9.35
363,Tazovskiy,RU,2021-11-20 02:56:31,67.4667,78.7,-14.35,99,90,10.45
364,Burnie,AU,2021-11-20 02:56:31,-41.0667,145.9167,65.95,37,5,11.05
365,Turukhansk,RU,2021-11-20 02:56:32,65.8167,87.9833,-14.91,89,76,8.21
366,Sibu,MY,2021-11-20 02:52:20,2.3,111.8167,82.71,78,20,5.99
367,Ballina,AU,2021-11-20 02:56:32,-28.8667,153.5667,89.64,63,11,12.66
368,Atherton,GB,2021-11-20 02:56:32,53.5237,-2.4935,51.44,84,74,7.7
369,Ishigaki,JP,2021-11-20 02:56:32,24.3448,124.1572,80.73,69,40,16.11
370,Carnarvon,AU,2021-11-20 02:57:33,-24.8667,113.6333,77.07,61,0,14.97
371,Kirensk,RU,2021-11-20 02:57:33,57.7853,108.1119,2.79,93,99,2.51
372,Wembley,AU,2021-11-20 02:57:33,-31.9333,115.8,79.05,47,0,17.27
373,Ewa Beach,US,2021-11-20 02:57:33,21.3156,-158.0072,81.01,73,10,10.8
374,Arkadelphia,US,2021-11-20 02:57:34,34.1209,-93.0538,45.0,50,93,3.96
375,East Grinstead,GB,2021-11-20 02:57:34,51.1238,-0.0061,51.01,91,75,4.61
376,Jumla,NP,2021-11-20 02:57:34,29.2747,82.1838,53.15,41,97,0.43
377,Angoche,MZ,2021-11-20 02:57:34,-16.2325,39.9086,73.27,94,8,7.81
378,Puerto Vallarta,MX,2021-11-20 02:54:03,20.6204,-105.2307,70.9,77,7,3.47
379,Goure,NE,2021-11-20 02:57:35,13.9835,10.2704,79.02,20,5,8.37
380,Araouane,ML,2021-11-20 02:57:35,18.9048,-3.5265,73.17,26,100,11.05
381,Saint-Pierre,RE,2021-11-20 02:56:22,-21.3393,55.4781,76.28,56,0,5.75
382,Batagay,RU,2021-11-20 02:57:35,67.6333,134.6333,-11.13,98,99,1.32
383,Waipawa,NZ,2021-11-20 02:57:35,-41.4122,175.5153,61.43,33,57,10.2
384,Bam,IR,2021-11-20 02:57:36,29.106,58.357,48.87,33,1,1.97
385,Okato,NZ,2021-11-20 02:57:36,-39.2,173.8833,68.41,47,1,6.35
386,Kiruna,SE,2021-11-20 02:57:36,67.8557,20.2251,11.52,89,60,5.12
387,Rawson,AR,2021-11-20 02:57:36,-43.3002,-65.1023,71.47,35,63,12.66
388,Aasiaat,GL,2021-11-20 02:57:36,68.7098,-52.8699,0.68,87,96,12.64
389,Bengkulu,ID,2021-11-20 02:57:31,-3.8004,102.2655,84.04,64,100,4.79
390,Dunedin,NZ,2021-11-20 02:57:37,-45.8742,170.5036,58.42,77,100,9.57
391,Guerrero Negro,MX,2021-11-20 02:57:37,27.9769,-114.0611,63.28,89,100,9.69
392,Mahibadhoo,MV,2021-11-20 02:57:37,3.7833,72.9667,82.6,71,68,15.82
393,General Cepeda,MX,2021-11-20 02:57:38,25.3833,-101.45,58.15,60,61,3.42
394,Natchitoches,US,2021-11-20 02:57:38,31.7668,-93.1335,43.48,93,1,0.0
395,Karakol,KG,2021-11-20 02:57:38,42.4907,78.3936,18.99,58,0,4.41
396,Usinsk,RU,2021-11-20 02:57:38,65.9939,57.5281,21.13,90,100,19.73
397,La Ronge,CA,2021-11-20 02:57:39,55.1001,-105.2842,26.85,86,90,3.44
398,Tuatapere,NZ,2021-11-20 02:57:39,-46.1333,167.6833,50.38,93,100,2.24
399,Cranbrook,CA,2021-11-20 02:57:39,49.4999,-115.7688,29.84,74,20,0.0
400,Zeerust,ZA,2021-11-20 02:57:39,-25.5369,26.0751,63.41,81,70,14.47
401,Finote Selam,ET,2021-11-20 02:57:40,10.7,37.2667,54.19,68,4,3.6
402,Jarwal,IN,2021-11-20 02:57:40,27.1667,81.55,68.59,49,99,5.21
403,Srednekolymsk,RU,2021-11-20 02:57:40,67.45,153.6833,-1.19,98,100,3.02
404,Berlin,DE,2021-11-20 02:52:50,52.5244,13.4105,54.09,86,75,18.99
405,Scarborough,GB,2021-11-20 02:52:41,54.2797,-0.4044,51.08,81,39,3.0
406,Rio Grande,BR,2021-11-20 02:57:40,-32.035,-52.0986,59.95,69,0,9.73
407,Sao Joao Da Barra,BR,2021-11-20 02:57:41,-21.6403,-41.0511,73.62,97,100,10.16
408,Vanimo,PG,2021-11-20 02:57:41,-2.6741,141.3028,82.85,80,99,4.0
409,Mangrol,IN,2021-11-20 02:57:41,21.1167,70.1167,77.74,70,88,11.23
410,Belmonte,BR,2021-11-20 02:57:41,-15.8631,-38.8828,79.3,85,35,10.58
411,Harsud,IN,2021-11-20 02:57:42,22.1,76.7333,74.77,57,87,6.53
412,Chimbote,PE,2021-11-20 02:57:42,-9.0853,-78.5783,63.1,90,96,6.46
413,Jaque,PA,2021-11-20 02:57:42,7.5175,-78.1703,77.45,87,100,4.63
414,Garissa,KE,2021-11-20 02:57:42,-0.4536,39.6401,77.94,82,87,8.79
415,Chabahar,IR,2021-11-20 02:58:42,25.2919,60.643,70.56,20,0,4.61
416,Port Hedland,AU,2021-11-20 02:58:43,-20.3167,118.5667,96.85,34,37,10.36
417,Cabo San Lucas,MX,2021-11-20 02:58:43,22.8909,-109.9124,73.51,72,1,1.99
418,Kultuk,RU,2021-11-20 02:58:43,51.7208,103.6956,17.6,86,100,7.78
419,Teguldet,RU,2021-11-20 02:58:43,57.3064,88.1667,5.25,91,100,8.14
420,Vao,NC,2021-11-20 02:58:44,-22.6667,167.4833,72.99,78,95,12.71
421,Solnechnyy,RU,2021-11-20 02:58:44,50.7214,136.6319,19.9,73,62,2.51
422,Dawei,MM,2021-11-20 02:58:44,14.0833,98.2,87.35,62,93,1.7
423,Fort Nelson,CA,2021-11-20 02:58:44,58.8053,-122.7002,-0.81,85,20,4.61
424,Alyangula,AU,2021-11-20 02:58:45,-13.8483,136.4192,91.27,55,40,13.8
425,Nurota,UZ,2021-11-20 02:58:45,40.5614,65.6886,23.09,44,0,1.81
426,Iralaya,HN,2021-11-20 02:58:45,15.0,-83.2333,79.39,84,100,11.27
427,Hobyo,SO,2021-11-20 02:58:45,5.3505,48.5268,77.52,68,20,11.34
428,Pacific Grove,US,2021-11-20 02:58:46,36.6177,-121.9166,60.62,92,90,1.99
429,Kodiak,US,2021-11-20 02:58:46,57.79,-152.4072,24.37,84,97,9.4
430,Taywarah,AF,2021-11-20 02:58:46,33.35,64.4167,28.71,44,0,3.51
431,Flinders,AU,2021-11-20 02:58:46,-34.5833,150.8552,72.81,82,100,5.99
432,Ranau,MY,2021-11-20 02:58:47,5.9538,116.6641,81.25,60,28,1.9
433,Yeppoon,AU,2021-11-20 02:58:47,-23.1333,150.7333,85.78,54,0,9.35
434,Westport,US,2021-11-20 02:54:58,41.1415,-73.3579,42.84,62,2,5.01
435,Mao,ES,2021-11-20 02:58:47,39.8885,4.2658,55.96,94,20,6.91
436,Olovyannaya,RU,2021-11-20 02:58:47,50.95,115.5667,16.54,81,72,4.16
437,Kannangad,IN,2021-11-20 02:58:48,12.3081,75.1063,78.82,87,100,2.35
438,Maragogi,BR,2021-11-20 02:58:48,-9.0122,-35.2225,77.56,80,19,10.63
439,Osmena,PH,2021-11-20 02:58:48,10.5208,119.9258,82.78,75,94,8.16
440,Gayeri,BF,2021-11-20 02:58:48,12.6497,0.4931,77.36,18,22,7.58
441,Sao Filipe,CV,2021-11-20 02:58:49,14.8961,-24.4956,78.33,75,100,1.57
442,Avola,IT,2021-11-20 02:58:49,36.9113,15.1395,57.52,78,0,3.6
443,Reyes,BO,2021-11-20 02:58:49,-14.3167,-67.3833,68.52,96,100,1.57
444,Longyearbyen,SJ,2021-11-20 02:58:49,78.2186,15.6401,13.84,52,20,16.11
445,Tamboril,DO,2021-11-20 02:58:49,19.4854,-70.611,74.17,94,20,4.61
446,Longyan,CN,2021-11-20 02:58:50,25.1072,117.0225,74.44,61,8,1.92
447,Saravan,AM,2021-11-20 02:58:50,39.7196,45.6483,18.25,55,43,4.72
448,Thinadhoo,MV,2021-11-20 02:58:50,0.5333,72.9333,82.92,76,100,18.59
449,Maarianhamina,AX,2021-11-20 02:58:50,60.0973,19.9348,40.86,70,20,18.41
450,Kawardha,IN,2021-11-20 02:58:51,22.0167,81.25,71.89,48,100,2.91
451,Santa Vitoria Do Palmar,BR,2021-11-20 02:58:51,-33.5189,-53.3681,60.28,74,0,9.08
452,Srinagar,IN,2021-11-20 02:58:51,34.0833,74.8167,43.95,29,0,0.45
453,Mbouda,CM,2021-11-20 02:58:51,5.6258,10.2552,64.04,84,98,1.5
454,Zhanaozen,KZ,2021-11-20 02:58:52,43.3,52.8,31.39,43,100,9.42
455,Topchanchi,IN,2021-11-20 02:58:52,23.9,86.2,73.2,50,13,2.68
456,Dalvik,IS,2021-11-20 02:57:14,65.9702,-18.5286,31.93,94,100,8.68
457,Marfino,RU,2021-11-20 02:58:52,55.7028,37.3822,34.09,93,75,13.42
458,Naze,JP,2021-11-20 02:58:52,28.3667,129.4833,74.32,73,39,13.91
459,Digras,IN,2021-11-20 02:58:53,20.1167,77.7167,76.17,70,100,6.76
460,Murray Bridge,AU,2021-11-20 02:58:53,-35.1167,139.2667,65.57,50,100,13.06
461,Puerto Del Rosario,ES,2021-11-20 02:58:53,28.5004,-13.8627,60.55,72,23,5.75
462,Vardo,NO,2021-11-20 02:58:53,70.3705,31.1107,35.58,89,100,22.82
463,Sao Jose De Piranhas,BR,2021-11-20 02:58:54,-7.1206,-38.5019,78.85,57,63,9.01
464,Slave Lake,CA,2021-11-20 02:59:54,55.2834,-114.769,28.38,86,90,6.91
465,Rincon,US,2021-11-20 02:59:54,32.296,-81.2354,56.86,79,12,8.03
466,Bani,DO,2021-11-20 02:59:54,18.2833,-70.3333,74.88,81,91,8.68
467,Casablanca,MA,2021-11-20 02:59:55,33.5928,-7.6192,64.33,88,1,18.01
468,Phoenix,US,2021-11-20 02:58:38,33.4484,-112.074,72.81,29,100,3.24
469,Dharampur,IN,2021-11-20 02:59:55,20.5333,73.1833,79.92,61,95,4.56
470,Mitsamiouli,KM,2021-11-20 02:59:55,-11.3847,43.2844,79.3,76,29,11.92
471,Pemberton,CA,2021-11-20 02:59:01,50.3164,-122.8027,33.66,95,50,3.27
472,Celestun,MX,2021-11-20 02:59:55,20.8667,-90.4,77.14,83,95,15.59
473,Mehamn,NO,2021-11-20 02:59:56,71.0357,27.8492,34.2,96,100,24.94
474,Nago,JP,2021-11-20 02:59:56,26.5881,127.9761,78.96,71,36,13.38
475,Salekhard,RU,2021-11-20 02:59:56,66.53,66.6019,5.58,95,100,10.69
476,Campos Belos,BR,2021-11-20 02:59:56,-13.0367,-46.7717,71.13,91,100,2.77
477,Hallein,AT,2021-11-20 02:59:57,47.6833,13.1,44.82,85,7,2.51
478,Yenagoa,NG,2021-11-20 02:59:57,4.9247,6.2642,74.77,92,76,3.18
479,Muncie,US,2021-11-20 02:59:57,40.1934,-85.3864,33.75,74,95,1.01
480,Haflong,IN,2021-11-20 02:59:57,25.1833,93.0333,72.93,52,82,0.63
481,Mount Pleasant,US,2021-11-20 02:56:47,32.7941,-79.8626,50.0,50,20,1.01
482,Broken Hill,AU,2021-11-20 02:59:58,-31.95,141.4333,67.71,73,75,10.36
483,Avera,US,2021-11-20 02:59:58,33.194,-82.5271,47.71,30,13,9.66
484,Dinguiraye,GN,2021-11-20 02:59:58,11.3,-10.7167,70.77,44,5,2.19
485,Le Port,RE,2021-11-20 02:59:58,-20.9373,55.2919,76.6,68,8,8.68
486,Bangassou,CF,2021-11-20 02:59:59,4.7413,22.8184,68.07,96,99,0.13
487,Diamantino,BR,2021-11-20 02:59:59,-14.4086,-56.4461,71.11,99,100,1.03
488,Aykhal,RU,2021-11-20 02:59:59,66.0,111.5,-15.39,99,95,6.55
489,San Patricio,US,2021-11-20 02:59:59,28.017,-97.5169,64.83,67,0,6.35
490,Pribinic,BA,2021-11-20 03:00:00,44.6106,17.6906,30.61,83,77,3.56
491,Santa Margherita Ligure,IT,2021-11-20 03:00:00,44.3346,9.212,57.97,90,11,4.09
492,Nishihara,JP,2021-11-20 03:00:00,26.1842,127.7558,76.28,69,40,12.66
493,Lompoc,US,2021-11-20 03:00:00,34.6391,-120.4579,58.14,90,40,8.05
494,Nouadhibou,MR,2021-11-20 03:00:01,20.931,-17.0347,68.43,74,97,12.1
495,Portobelo,PA,2021-11-20 03:00:01,9.55,-79.65,77.83,81,83,7.87
496,Mastic Beach,US,2021-11-20 03:00:01,40.7668,-72.8521,42.98,59,20,3.0
497,Mayo,US,2021-11-20 03:00:02,38.8876,-76.5119,40.98,66,1,1.99
498,Sawtell,AU,2021-11-20 03:00:02,-30.3833,153.1,78.82,65,75,10.36
499,Bonavista,CA,2021-11-20 02:55:18,48.6499,-53.1147,54.12,83,100,32.53
500,Grindavik,IS,2021-11-20 03:00:02,63.8424,-22.4338,36.07,87,40,18.41
501,Gorontalo,ID,2021-11-20 03:00:03,0.5412,123.0595,90.64,58,81,3.67
502,Manavalakurichi,IN,2021-11-20 03:00:04,8.1333,77.3,82.49,79,83,14.25
503,Ocos,GT,2021-11-20 03:00:04,14.5094,-92.1933,81.0,76,100,2.93
504,Mandera,KE,2021-11-20 03:00:04,3.9366,41.867,75.9,80,33,7.14
505,Suzano,BR,2021-11-20 03:00:05,-23.5425,-46.3108,66.65,98,100,5.75
506,Comodoro Rivadavia,AR,2021-11-20 03:00:06,-45.8667,-67.5,64.89,41,66,10.78
507,Turbat,PK,2021-11-20 03:00:07,26.0023,63.044,62.17,19,0,17.02
508,Rampur,IN,2021-11-20 03:00:07,28.8167,79.0333,67.01,49,100,6.85
509,Nyaunglebin,MM,2021-11-20 03:00:08,17.95,96.7333,80.19,75,50,4.9
510,Sambava,MG,2021-11-20 03:01:09,-14.2667,50.1667,73.62,84,16,5.61
511,Sumbe,AO,2021-11-20 03:01:09,-11.2061,13.8437,77.34,88,100,5.1
512,Rio Gallegos,AR,2021-11-20 03:01:09,-51.6226,-69.2181,46.49,75,66,23.29
513,Batsfjord,NO,2021-11-20 03:01:10,70.6345,29.7185,34.59,96,100,19.73
514,Garut,ID,2021-11-20 03:01:10,-7.2024,107.8878,78.85,73,100,3.04
515,Vallenar,CL,2021-11-20 03:00:25,-28.5708,-70.7581,62.78,65,0,1.41
516,Iisalmi,FI,2021-11-20 03:01:10,63.5592,27.1907,33.82,85,80,8.57
517,Sabang,ID,2021-11-20 03:01:10,5.8933,95.3214,82.26,74,94,11.41
518,Harper,LR,2021-11-20 03:01:11,4.375,-7.7169,78.69,88,7,6.24
519,Mainit,PH,2021-11-20 03:01:11,9.535,125.5231,85.41,69,17,2.33
520,Carutapera,BR,2021-11-20 03:01:11,-1.195,-46.02,78.89,86,49,6.11
521,Denpasar,ID,2021-11-20 03:00:36,-8.65,115.2167,85.66,79,40,3.44
522,Bilma,NE,2021-11-20 03:01:12,18.6853,12.9164,76.64,21,100,8.93
523,Morros,BR,2021-11-20 03:01:12,-9.4467,-46.3003,75.72,72,12,1.95
524,Mairana,BO,2021-11-20 03:01:12,-18.1167,-63.9333,54.91,97,78,2.62
525,Bossangoa,CF,2021-11-20 03:01:12,6.4926,17.4552,72.21,73,53,3.51
526,Vangaindrano,MG,2021-11-20 03:01:13,-23.35,47.6,72.01,89,35,6.24
527,Kenora,CA,2021-11-20 02:56:46,49.8167,-94.4337,33.78,74,40,9.22
528,Kingaroy,AU,2021-11-20 03:01:13,-26.5333,151.8333,88.05,56,13,5.55
529,Touros,BR,2021-11-20 03:01:13,-5.1989,-35.4608,79.84,73,5,15.19
530,Gualeguay,AR,2021-11-20 03:01:13,-33.1416,-59.3097,64.26,49,0,6.24
531,Banff,CA,2021-11-20 03:01:14,51.1762,-115.5698,17.49,99,71,5.17
532,Banjar,ID,2021-11-20 03:01:14,-8.19,114.9675,85.86,95,100,1.92
533,Basoko,CD,2021-11-20 03:01:14,1.2391,23.616,71.08,93,74,1.28
534,Gillette,US,2021-11-20 02:56:35,44.2911,-105.5022,39.24,62,100,0.89
535,Stokmarknes,NO,2021-11-20 03:01:15,68.5646,14.9108,41.49,86,97,10.8
536,Macia,MZ,2021-11-20 03:01:15,-25.0269,33.0989,68.18,89,100,4.09
537,Sisophon,KH,2021-11-20 03:01:15,13.5859,102.9737,84.65,72,90,1.68
538,Eureka,US,2021-11-20 02:57:46,40.8021,-124.1637,53.67,75,84,8.01
539,Mogadishu,SO,2021-11-20 03:00:10,2.0371,45.3438,79.21,80,34,8.37
540,Champerico,GT,2021-11-20 03:01:15,14.3,-91.9167,81.03,78,100,3.74
541,Najran,SA,2021-11-20 03:01:16,17.4924,44.1277,62.91,82,1,5.3
542,Bichena,ET,2021-11-20 03:01:16,10.45,38.2,49.5,58,6,3.71
543,Arak,IR,2021-11-20 03:01:16,34.0917,49.6892,39.67,68,0,2.13
544,Santa Lucia,ES,2021-11-20 03:01:16,27.9117,-15.5407,55.76,70,40,4.61
545,Qiyang,CN,2021-11-20 03:01:17,26.5911,111.8474,63.37,87,98,3.42
546,Havre-Saint-Pierre,CA,2021-11-20 03:01:17,50.2334,-63.5986,33.73,77,48,16.53
547,Inirida,CO,2021-11-20 03:01:17,3.8653,-67.9239,74.08,96,100,2.19
548,San Juan,AR,2021-11-20 03:01:18,-31.5375,-68.5364,79.3,24,29,12.66
549,Viedma,AR,2021-11-20 03:01:18,-40.8135,-62.9967,64.02,49,5,18.39
550,Port Moresby,PG,2021-11-20 03:01:18,-9.4431,147.1797,83.75,78,41,15.5
551,Bol,TD,2021-11-20 03:01:18,13.4586,14.7147,78.76,41,4,14.14
552,Masvingo,ZW,2021-11-20 03:01:19,-20.0637,30.8277,64.89,85,99,8.79
553,Makat,KZ,2021-11-20 03:01:19,47.6469,53.3463,26.89,74,69,14.14
554,Srandakan,ID,2021-11-20 03:02:19,-7.9386,110.2506,80.91,77,100,2.33
555,Owensboro,US,2021-11-20 03:02:19,37.7742,-87.1133,37.45,64,1,9.22
556,Znamenskoye,RU,2021-11-20 03:02:20,57.1281,73.8282,18.73,93,100,9.37
557,Vestmannaeyjar,IS,2021-11-20 03:02:20,63.4427,-20.2734,43.9,74,100,14.99
558,Bolshoye Nagatkino,RU,2021-11-20 03:02:20,54.5196,47.9679,28.89,86,98,12.66
559,Genhe,CN,2021-11-20 03:02:20,50.7833,121.5167,19.24,56,100,1.59
560,Labrea,BR,2021-11-20 03:02:21,-7.2586,-64.7981,72.32,99,100,2.06
561,Kuching,MY,2021-11-20 03:02:21,1.55,110.3333,84.42,79,20,3.44
562,Williams Lake,CA,2021-11-20 03:00:03,52.1415,-122.1445,16.23,89,86,3.76
